Sequences,SN,BodyGroup
%SiemensSeq%\gre,182627,Brain
%SiemensSeq%\tse_dixon,182627,Brain
%SiemensSeq%\space,182627,Brain
%SiemensSeq%\space,182627,Brain
%SiemensSeq%\tse,182627,Brain
%SiemensSeq%\fl3d_vibe,182627,Brain
%SiemensSeq%\AALScout,182627,Knee
%SiemensSeq%\tse,182627,Knee
%SiemensSeq%\tse_dixon,182627,Knee
%SiemensSeq%\tse_dixon,182627,Knee
%SiemensSeq%\tse,182627,Knee
%SiemensSeq%\fl3d_vibe,182627,Knee
%SiemensSeq%\tse_dixon,182627,Knee
%SiemensSeq%\fl3d_vibe,182627,Knee
%SiemensSeq%\haste,182627,Knee
